instance,element_label,host_volume,fiber_volume_precise,volume_fraction_precise,volume_t0,volume_t90
PLATE-1,1,0.12499999999999992,0.10635600131981825,0.8508480105585465,0.05317800065990912,0.05317800065990912
PLATE-1,2,0.12499999999999992,0.09681123197602201,0.7744898558081766,0.04363323131611289,0.05317800065990912
PLATE-1,3,0.12499999999999992,0.09681123197602201,0.7744898558081766,0.04363323131611289,0.05317800065990912
PLATE-1,4,0.12499999999999992,0.10635600131981825,0.8508480105585465,0.05317800065990912,0.05317800065990912
PLATE-1,5,0.12499999999999992,0.09681123197602201,0.7744898558081766,0.05317800065990912,0.04363323131611289
PLATE-1,6,0.12499999999999992,0.08726646263222577,0.6981317010578066,0.04363323131611289,0.04363323131611289
PLATE-1,7,0.12499999999999992,0.08726646263222577,0.6981317010578066,0.04363323131611289,0.04363323131611289
PLATE-1,8,0.12499999999999992,0.09681123197602201,0.7744898558081766,0.05317800065990912,0.04363323131611289
PLATE-1,9,0.12499999999999992,0.09681123197602201,0.7744898558081766,0.05317800065990912,0.04363323131611289
PLATE-1,10,0.12499999999999992,0.08726646263222577,0.6981317010578066,0.04363323131611289,0.04363323131611289
PLATE-1,11,0.12499999999999992,0.08726646263222577,0.6981317010578066,0.04363323131611289,0.04363323131611289
PLATE-1,12,0.12499999999999992,0.09681123197602201,0.7744898558081766,0.05317800065990912,0.04363323131611289
PLATE-1,13,0.12499999999999992,0.10635600131981825,0.8508480105585465,0.05317800065990912,0.05317800065990912
PLATE-1,14,0.12499999999999992,0.09681123197602201,0.7744898558081766,0.04363323131611289,0.05317800065990912
PLATE-1,15,0.12499999999999992,0.09681123197602201,0.7744898558081766,0.04363323131611289,0.05317800065990912
PLATE-1,16,0.12499999999999989,0.10635600131981825,0.8508480105585468,0.05317800065990912,0.05317800065990912
PLATE-1,17,0.12500000000000003,0.10635600131981825,0.8508480105585458,0.05317800065990912,0.05317800065990912
PLATE-1,18,0.12499999999999994,0.09681123197602201,0.7744898558081764,0.04363323131611289,0.05317800065990912
PLATE-1,19,0.125,0.09681123197602201,0.7744898558081761,0.04363323131611289,0.05317800065990912
PLATE-1,20,0.12499999999999999,0.10635600131981825,0.8508480105585461,0.05317800065990912,0.05317800065990912
PLATE-1,21,0.12499999999999992,0.09681123197602201,0.7744898558081766,0.05317800065990912,0.04363323131611289
PLATE-1,22,0.12499999999999992,0.08726646263222577,0.6981317010578066,0.04363323131611289,0.04363323131611289
PLATE-1,23,0.12499999999999992,0.08726646263222577,0.6981317010578066,0.04363323131611289,0.04363323131611289
PLATE-1,24,0.12499999999999992,0.09681123197602201,0.7744898558081766,0.05317800065990912,0.04363323131611289
PLATE-1,25,0.125,0.09681123197602201,0.7744898558081761,0.05317800065990912,0.04363323131611289
PLATE-1,26,0.12499999999999992,0.08726646263222577,0.6981317010578066,0.04363323131611289,0.04363323131611289
PLATE-1,27,0.125,0.08726646263222577,0.6981317010578062,0.04363323131611289,0.04363323131611289
PLATE-1,28,0.12499999999999992,0.09681123197602201,0.7744898558081766,0.05317800065990912,0.04363323131611289
PLATE-1,29,0.12499999999999999,0.10635600131981825,0.8508480105585461,0.05317800065990912,0.05317800065990912
PLATE-1,30,0.12499999999999994,0.09681123197602201,0.7744898558081764,0.04363323131611289,0.05317800065990912
PLATE-1,31,0.12499999999999996,0.09681123197602201,0.7744898558081763,0.04363323131611289,0.05317800065990912
PLATE-1,32,0.12499999999999994,0.10635600131981825,0.8508480105585463,0.05317800065990912,0.05317800065990912
