instance,element_label,host_volume,fiber_volume,volume_fraction,length_t0,length_t90
PLATE-1,1,0.7499999999999999,0.5890486228223833,0.785398163763178,8.00000000372529,4.000000001862645
PLATE-1,2,0.7499999999999999,0.5890486229321023,0.7853981639094698,8.000000005960466,4.000000001862645
PLATE-1,3,0.7499999999999999,0.5890486228223832,0.7853981637631777,8.000000003725289,4.000000001862645
PLATE-1,4,0.7499999999999999,0.5890486228772428,0.7853981638363239,8.00000000372529,4.000000002980233
PLATE-1,5,0.7499999999999999,0.5890486229869617,0.7853981639826157,8.000000005960466,4.000000002980233
PLATE-1,6,0.7499999999999999,0.5890486228772427,0.7853981638363237,8.000000003725289,4.000000002980233
PLATE-1,7,0.7499999999999999,0.5890486228223832,0.7853981637631777,8.00000000372529,4.000000001862643
PLATE-1,8,0.7499999999999999,0.5890486229321021,0.7853981639094696,8.000000005960466,4.000000001862643
PLATE-1,9,0.7499999999999999,0.5890486228223831,0.7853981637631776,8.000000003725289,4.000000001862643
PLATE-1,10,0.7499999999999999,0.5890486228223833,0.785398163763178,4.000000001862645,8.00000000372529
PLATE-1,11,0.7499999999999999,0.5890486228772428,0.7853981638363239,4.000000002980233,8.00000000372529
PLATE-1,12,0.7499999999999999,0.5890486228223832,0.7853981637631777,4.000000001862643,8.00000000372529
PLATE-1,13,0.7499999999999999,0.5890486229321023,0.7853981639094698,4.000000001862645,8.000000005960466
PLATE-1,14,0.7499999999999999,0.5890486229869617,0.7853981639826157,4.000000002980233,8.000000005960466
PLATE-1,15,0.7499999999999999,0.5890486229321021,0.7853981639094696,4.000000001862643,8.000000005960466
PLATE-1,16,0.7499999999999999,0.5890486228223832,0.7853981637631777,4.000000001862645,8.000000003725289
PLATE-1,17,0.7499999999999999,0.5890486228772427,0.7853981638363237,4.000000002980233,8.000000003725289
PLATE-1,18,0.7499999999999999,0.5890486228223831,0.7853981637631776,4.000000001862643,8.000000003725289
