element_label,host_volume,fiber_volume,volume_fraction,length_t0,length_t90
1,0.12499999999999992,0.09817477047376842,0.7853981637901479,1.0000000005,1.0000000005
2,0.12499999999999992,0.09817477049831212,0.7853981639864975,1.000000001,1.0000000005
3,0.12499999999999992,0.09817477049831212,0.7853981639864975,1.000000001,1.0000000005
4,0.12499999999999992,0.09817477047376842,0.7853981637901479,1.0000000005,1.0000000005
5,0.12499999999999992,0.09817477049831203,0.7853981639864968,1.0000000005,1.0000000009999983
6,0.12499999999999992,0.09817477052285568,0.785398164182846,1.0000000009999992,1.0000000009999983
7,0.12499999999999992,0.09817477052285564,0.7853981641828457,1.0000000009999983,1.0000000009999983
8,0.12499999999999992,0.09817477049831203,0.7853981639864968,1.0000000005,1.0000000009999983
9,0.12499999999999992,0.09817477049831203,0.7853981639864968,1.0000000005,1.0000000009999983
10,0.12499999999999992,0.09817477052285573,0.7853981641828464,1.000000001,1.0000000009999983
13,0.12499999999999992,0.09817477047376834,0.7853981637901473,1.0000000005,1.0000000004999983
14,0.12499999999999992,0.09817477049831203,0.7853981639864968,1.000000001,1.0000000004999983
17,0.12500000000000003,0.09817477047376842,0.7853981637901472,1.0000000005,1.0000000005
18,0.12499999999999994,0.09817477049831208,0.785398163986497,1.0000000009999992,1.0000000005
19,0.125,0.09817477049831212,0.785398163986497,1.000000001,1.0000000005
20,0.12499999999999999,0.09817477047376838,0.7853981637901472,1.0000000004999992,1.0000000005
21,0.12499999999999992,0.09817477049831212,0.7853981639864975,1.0000000005,1.000000001
22,0.12499999999999992,0.09817477052285581,0.785398164182847,1.000000001,1.000000001
23,0.12499999999999992,0.09817477052285577,0.7853981641828467,1.0000000009999992,1.000000001
24,0.12499999999999992,0.09817477049831208,0.7853981639864972,1.0000000004999992,1.000000001
25,0.125,0.09817477049831208,0.7853981639864966,1.0000000005,1.0000000009999992
26,0.12499999999999992,0.09817477052285577,0.7853981641828467,1.000000001,1.0000000009999992
29,0.12499999999999999,0.09817477047376842,0.7853981637901475,1.0000000005,1.0000000005
30,0.12499999999999994,0.09817477049831212,0.7853981639864973,1.000000001,1.0000000005
